{
    "user_badges":[
        {
            "id":5557875,
            "granted_at":"2022-05-07T00:07:09.798Z",
            "created_at":"2022-05-07T06:28:14.687Z",
            "count":1,
            "badge_id":103,
            "user_id":6857033,
            "granted_by_id":-1
        }
    ],
    "badges":[
        {
            "id":103,
            "name":"Connected",
            "description":"Linked the FiveM game client with a forum account.",
            "grant_count":4942371,
            "allow_title":true,
            "multiple_grant":false,
            "icon":"fa-link",
            "image_url":null,
            "listable":false,
            "enabled":true,
            "badge_grouping_id":5,
            "system":false,
            "slug":"connected",
            "manually_grantable":false,
            "badge_type_id":2
        }
    ],
    "badge_types":[
        {
            "id":2,
            "name":"Silver",
            "sort_order":8
        }
    ],
    "users":[
        {
            "id":6857033,
            "username":"JB_Gaming318",
            "avatar_template":"/user_avatar/forum.cfx.re/jb_gaming318/{size}/3606236_2.png",
            "trust_level":1
        },
        {
            "id":-1,
            "username":"system",
            "avatar_template":"/user_avatar/forum.cfx.re/system/{size}/897123_2.png",
            "admin":true,
            "moderator":true,
            "trust_level":4
        }
    ],
    "user":{
        "id":6857033,
        "username":"JB_Gaming318",
        "avatar_template":"/user_avatar/forum.cfx.re/jb_gaming318/{size}/3606236_2.png",
        "email":"johnnyterrell30174@outlook.com",
        "secondary_emails":[],
        "unconfirmed_emails":[],
        "last_posted_at":null,
        "last_seen_at":"2024-05-28T00:36:59.252Z",
        "created_at":"2022-05-05T23:07:09.381Z",
        "ignored":false,
        "muted":false,
        "can_ignore_user":false,
        "can_mute_user":false,
        "can_send_private_messages":true,
        "can_send_private_message_to_user":false,
        "trust_level":1,
        "moderator":false,
        "admin":false,
        "title":null,
        "badge_count":2,
        "custom_fields":{},
        "time_read":1171,
        "recent_time_read":579,
        "primary_group_id":null,
        "primary_group_name":null,
        "flair_group_id":null,
        "flair_name":null,
        "flair_url":null,
        "flair_bg_color":null,
        "flair_color":null,
        "featured_topic":null,
        "timezone":"America/Chicago",
        "pending_posts_count":0,
        "can_edit":true,
        "can_edit_username":true,
        "can_edit_email":true,
        "can_edit_name":false,
        "uploaded_avatar_id":3606236,
        "has_title_badges":true,
        "pending_count":0,
        "profile_view_count":4,
        "second_factor_enabled":false,
        "second_factor_backup_enabled":false,
        "associated_accounts":[
            {
                "name":"google_oauth2",
                "description":"johnnybrumfield28@gmail.com"
            },
            {
                "name":"patreon",
                "description":"johnnyterrell30174@outlook.com"
            }
        ],
        "can_upload_profile_header":true,
        "can_upload_user_card_background":true,
        "locale":"en",
        "muted_category_ids":[
            76
        ],
        "regular_category_ids":[],
        "watched_tags":[],
        "watching_first_post_tags":[],
        "tracked_tags":[],
        "muted_tags":[],
        "tracked_category_ids":[],
        "watched_category_ids":[],
        "watched_first_post_category_ids":[],
        "system_avatar_upload_id":null,
        "system_avatar_template":"https://avatars.discourse-cdn.com/v4/letter/j/94ad74/{size}.png",
        "custom_avatar_upload_id":3606236,
        "custom_avatar_template":"/user_avatar/forum.cfx.re/jb_gaming318/{size}/3606236_2.png",
        "muted_usernames":[],
        "ignored_usernames":[],
        "allowed_pm_usernames":[],
        "mailing_list_posts_per_day":5,
        "can_change_bio":true,
        "can_change_location":true,
        "can_change_website":true,
        "can_change_tracking_preferences":true,
        "user_api_keys":[
            {
                "id":29283493,
                "application_name":"FiveM client on DESKTOP-2D423S1",
                "scopes":[
                    "Read user session info",
                    "Read all",
                    "Write all"
                ],
                "created_at":"2022-05-06T23:15:29.555Z",
                "last_used_at":"2022-05-06T23:15:29.556Z"
            },
            {
                "id":29284985,
                "application_name":"FiveM client on DESKTOP-2D423S1",
                "scopes":[
                    "Read user session info",
                    "Read all",
                    "Write all"
                ],
                "created_at":"2022-05-07T00:07:09.798Z",
                "last_used_at":"2022-05-07T00:07:09.798Z"
            },
            {
                "id":29283494,
                "application_name":"FiveM client on DESKTOP-2D423S1",
                "scopes":[
                    "Read user session info",
                    "Read all",
                    "Write all"
                ],
                "created_at":"2022-05-06T23:15:30.306Z",
                "last_used_at":"2022-06-26T15:09:28.413Z"
            },
            {
                "id":31590183,
                "application_name":"FiveM client on DESKTOP-2D423S1",
                "scopes":[
                    "Read user session info",
                    "Read all",
                    "Write all"
                ],
                "created_at":"2022-06-30T22:01:41.420Z",
                "last_used_at":"2022-06-30T22:04:03.652Z"
            },
            {
                "id":29237532,
                "application_name":"FiveM client on DESKTOP-2D423S1",
                "scopes":[
                    "Read user session info",
                    "Read all",
                    "Write all"
                ],
                "created_at":"2022-05-05T23:07:47.910Z",
                "last_used_at":"2022-07-02T02:59:11.553Z"
            },
            {
                "id":31666800,
                "application_name":"FiveM client on DESKTOP-2D423S1",
                "scopes":[
                    "Read user session info",
                    "Read all",
                    "Write all"
                ],
                "created_at":"2022-07-02T19:52:47.940Z",
                "last_used_at":"2022-07-16T01:38:11.571Z"
            },
            {
                "id":32256153,
                "application_name":"FiveM client on DESKTOP-2D423S1",
                "scopes":[
                    "Read user session info",
                    "Read all",
                    "Write all"
                ],
                "created_at":"2022-07-16T19:31:04.925Z",
                "last_used_at":"2022-08-09T23:21:32.230Z"
            },
            {
                "id":33590490,
                "application_name":"FiveM client on DESKTOP-2D423S1",
                "scopes":[
                    "Read user session info",
                    "Read all",
                    "Write all"
                ],
                "created_at":"2022-08-13T20:39:57.377Z",
                "last_used_at":"2022-10-25T00:02:35.080Z"
            },
            {
                "id":36644168,
                "application_name":"FiveM client on DESKTOP-2D423S1",
                "scopes":[
                    "Read user session info",
                    "Read all",
                    "Write all"
                ],
                "created_at":"2022-10-26T01:36:35.222Z",
                "last_used_at":"2022-11-29T01:05:07.764Z"
            },
            {
                "id":38437729,
                "application_name":"FiveM client on DESKTOP-2D423S1",
                "scopes":[
                    "Read user session info",
                    "Read all",
                    "Write all"
                ],
                "created_at":"2022-11-29T05:59:27.101Z",
                "last_used_at":"2023-01-20T22:33:48.344Z"
            },
            {
                "id":41532279,
                "application_name":"FiveM client on DESKTOP-2D423S1",
                "scopes":[
                    "Read user session info",
                    "Read all",
                    "Write all"
                ],
                "created_at":"2023-01-21T18:18:14.578Z",
                "last_used_at":"2023-03-16T21:49:25.427Z"
            },
            {
                "id":37907518,
                "application_name":"FiveM client on DESKTOP-2D423S1",
                "scopes":[
                    "Read user session info",
                    "Read all",
                    "Write all"
                ],
                "created_at":"2022-11-18T22:29:03.720Z",
                "last_used_at":"2023-07-29T22:35:20.309Z"
            },
            {
                "id":44553700,
                "application_name":"FiveM client on DESKTOP-2D423S1",
                "scopes":[
                    "Read user session info",
                    "Read all",
                    "Write all"
                ],
                "created_at":"2023-03-17T00:33:44.852Z",
                "last_used_at":"2023-11-22T00:59:39.818Z"
            },
            {
                "id":57934008,
                "application_name":"FiveM client on DESKTOP-0GKS7A3",
                "scopes":[
                    "Read user session info",
                    "Read all",
                    "Write all"
                ],
                "created_at":"2023-12-26T19:35:17.701Z",
                "last_used_at":"2023-12-26T19:35:17.701Z"
            },
            {
                "id":63448323,
                "application_name":"FiveM client on DESKTOP-0GKS7A3",
                "scopes":[
                    "Read user session info",
                    "Read all",
                    "Write all"
                ],
                "created_at":"2024-04-13T23:46:05.517Z",
                "last_used_at":"2024-04-13T23:46:05.518Z"
            }
        ],
        "user_passkeys":[
            {
                "id":5822,
                "name":"Main Passkey",
                "last_used":null,
                "created_at":"2024-05-28T00:32:34.581Z"
            }
        ],
        "user_auth_tokens":[
            {
                "id":45799632,
                "client_ip":"104.243.162.13",
                "location":"Natchitoches, Louisiana, United States",
                "browser":"Google Chrome",
                "device":"Windows Computer",
                "os":"Microsoft Windows",
                "icon":"fab-windows",
                "created_at":"2024-04-13T23:46:04.957Z",
                "seen_at":"2024-04-13T23:46:05.293Z"
            },
            {
                "id":45762096,
                "client_ip":"91.193.232.194",
                "location":"Atlanta, Georgia, United States",
                "browser":"Microsoft Edge",
                "device":"Windows Computer",
                "os":"Microsoft Windows",
                "icon":"fab-windows",
                "created_at":"2024-04-13T03:08:06.406Z",
                "seen_at":"2024-05-28T00:30:27.534Z"
            }
        ],
        "user_notification_schedule":{
            "enabled":false,
            "day_0_start_time":480,
            "day_0_end_time":1020,
            "day_1_start_time":480,
            "day_1_end_time":1020,
            "day_2_start_time":480,
            "day_2_end_time":1020,
            "day_3_start_time":480,
            "day_3_end_time":1020,
            "day_4_start_time":480,
            "day_4_end_time":1020,
            "day_5_start_time":480,
            "day_5_end_time":1020,
            "day_6_start_time":480,
            "day_6_end_time":1020
        },
        "use_logo_small_as_avatar":false,
        "sidebar_tags":[],
        "sidebar_category_ids":[],
        "display_sidebar_tags":true,
        "can_pick_theme_with_custom_homepage":false,
        "reminders_frequency":[
            {
                "name":"discourse_assign.reminders_frequency.never",
                "value":0
            },
            {
                "name":"discourse_assign.reminders_frequency.daily",
                "value":1440
            },
            {
                "name":"discourse_assign.reminders_frequency.weekly",
                "value":10080
            },
            {
                "name":"discourse_assign.reminders_frequency.monthly",
                "value":43200
            },
            {
                "name":"discourse_assign.reminders_frequency.quarterly",
                "value":129600
            }
        ],
        "cakedate":"2022-05-05",
        "birthdate":null,
        "username_changed_at":null,
        "username_change_available_on":null,
        "can_see_following":true,
        "can_see_followers":true,
        "can_see_network_tab":true,
        "can_follow":true,
        "is_followed":false,
        "total_followers":0,
        "total_following":0,
        "notify_me_when_followed":true,
        "notify_followed_user_when_followed":true,
        "notify_me_when_followed_replies":false,
        "notify_me_when_followed_creates_topic":false,
        "allow_people_to_follow_me":true,
        "accepted_answers":0,
        "featured_user_badge_ids":[
            5557875
        ],
        "invited_by":null,
        "groups":[
            {
                "id":10,
                "automatic":true,
                "name":"trust_level_0",
                "display_name":"trust_level_0",
                "user_count":12789778,
                "mentionable_level":0,
                "messageable_level":0,
                "visibility_level":1,
                "primary_group":false,
                "title":null,
                "grant_trust_level":null,
                "has_messages":false,
                "flair_url":null,
                "flair_bg_color":null,
                "flair_color":null,
                "bio_cooked":null,
                "bio_excerpt":null,
                "public_admission":false,
                "public_exit":false,
                "allow_membership_requests":false,
                "full_name":null,
                "default_notification_level":3,
                "membership_request_template":null,
                "members_visibility_level":0,
                "can_see_members":true,
                "publish_read_state":false
            },
            {
                "id":11,
                "automatic":true,
                "name":"trust_level_1",
                "display_name":"trust_level_1",
                "user_count":653036,
                "mentionable_level":0,
                "messageable_level":0,
                "visibility_level":1,
                "primary_group":false,
                "title":null,
                "grant_trust_level":null,
                "has_messages":false,
                "flair_url":null,
                "flair_bg_color":null,
                "flair_color":null,
                "bio_cooked":null,
                "bio_excerpt":null,
                "public_admission":false,
                "public_exit":false,
                "allow_membership_requests":false,
                "full_name":null,
                "default_notification_level":3,
                "membership_request_template":null,
                "members_visibility_level":0,
                "can_see_members":true,
                "publish_read_state":false
            }
        ],
        "group_users":[
            {
                "group_id":10,
                "user_id":6857033,
                "notification_level":3,
                "owner":false
            },
            {
                "group_id":11,
                "user_id":6857033,
                "notification_level":3,
                "owner":false
            }
        ],
        "user_option":{
            "user_id":6857033,
            "mailing_list_mode":false,
            "mailing_list_mode_frequency":1,
            "email_digests":false,
            "email_level":1,
            "email_messages_level":0,
            "external_links_in_new_tab":false,
            "color_scheme_id":null,
            "dark_scheme_id":null,
            "dynamic_favicon":false,
            "enable_quoting":true,
            "enable_defer":false,
            "digest_after_minutes":0,
            "automatically_unpin_topics":true,
            "auto_track_topics_after_msecs":-1,
            "notification_level_when_replying":2,
            "new_topic_duration_minutes":2880,
            "email_previous_replies":2,
            "email_in_reply_to":false,
            "like_notification_frequency":0,
            "include_tl0_in_digests":false,
            "theme_ids":[
                10
            ],
            "theme_key_seq":0,
            "allow_private_messages":true,
            "enable_allowed_pm_users":false,
            "homepage_id":null,
            "hide_profile_and_presence":false,
            "text_size":"normal",
            "text_size_seq":0,
            "title_count_mode":"notifications",
            "bookmark_auto_delete_preference":3,
            "timezone":"America/Chicago",
            "skip_new_user_tips":false,
            "default_calendar":"none_selected",
            "oldest_search_log_date":null,
            "seen_popups":[
                1,
                2,
                3,
                4,
                5
            ],
            "sidebar_link_to_filtered_list":false,
            "sidebar_show_count_of_new_items":false,
            "watched_precedence_over_muted":null,
            "topics_unread_when_closed":true
        }
    }
}
